{"nm":"Success","ddd":0,"h":1080,"w":1080,"meta":{"g":"@lottiefiles/toolkit-js 0.33.2"},"layers":[{"ty":3,"nm":"Null 1","sr":1,"st":0,"op":899.000036617021,"ip":0,"hd":false,"ddd":0,"bm":0,"hasMask":false,"ao":0,"ks":{"a":{"a":0,"k":[48,56,0],"ix":1},"s":{"a":0,"k":[148,148,100],"ix":6},"sk":{"a":0,"k":0},"p":{"a":0,"k":[528,563,0],"ix":2},"r":{"a":0,"k":0,"ix":10},"sa":{"a":0,"k":0},"o":{"a":0,"k":0,"ix":11}},"ef":[],"ind":1},{"ty":0,"nm":"star","sr":1,"st":25.0000010182709,"op":924.000037635292,"ip":25.0000010182709,"hd":false,"ddd":0,"bm":0,"hasMask":false,"ao":0,"ks":{"a":{"a":0,"k":[540,540,0],"ix":1},"s":{"a":0,"k":[10,10,100],"ix":6},"sk":{"a":0,"k":0},"p":{"a":0,"k":[-113,206,0],"ix":2},"r":{"a":0,"k":0,"ix":10},"sa":{"a":0,"k":0},"o":{"a":0,"k":100,"ix":11}},"ef":[],"w":1080,"h":1080,"refId":"comp_0","ind":2,"parent":1},{"ty":0,"nm":"star","sr":1,"st":18.000000733155,"op":917.000037350176,"ip":18.000000733155,"hd":false,"ddd":0,"bm":0,"hasMask":false,"ao":0,"ks":{"a":{"a":0,"k":[540,540,0],"ix":1},"s":{"a":0,"k":[6,6,100],"ix":6},"sk":{"a":0,"k":0},"p":{"a":0,"k":[210,-126,0],"ix":2},"r":{"a":0,"k":0,"ix":10},"sa":{"a":0,"k":0},"o":{"a":0,"k":100,"ix":11}},"ef":[],"w":1080,"h":1080,"refId":"comp_0","ind":3,"parent":1},{"ty":0,"nm":"star","sr":1,"st":12.00000048877,"op":911.000037105791,"ip":12.00000048877,"hd":false,"ddd":0,"bm":0,"hasMask":false,"ao":0,"ks":{"a":{"a":0,"k":[540,540,0],"ix":1},"s":{"a":0,"k":[4.556,4.556,100],"ix":6},"sk":{"a":0,"k":0},"p":{"a":0,"k":[189,196,0],"ix":2},"r":{"a":0,"k":0,"ix":10},"sa":{"a":0,"k":0},"o":{"a":0,"k":100,"ix":11}},"ef":[],"w":1080,"h":1080,"refId":"comp_0","ind":4,"parent":1},{"ty":0,"nm":"star","sr":1,"st":8.00000032584668,"op":907.000036942867,"ip":8.00000032584668,"hd":false,"ddd":0,"bm":0,"hasMask":false,"ao":0,"ks":{"a":{"a":0,"k":[540,540,0],"ix":1},"s":{"a":0,"k":[8,8,100],"ix":6},"sk":{"a":0,"k":0},"p":{"a":0,"k":[257,91,0],"ix":2},"r":{"a":0,"k":0,"ix":10},"sa":{"a":0,"k":0},"o":{"a":0,"k":100,"ix":11}},"ef":[],"w":1080,"h":1080,"refId":"comp_0","ind":5,"parent":1},{"ty":0,"nm":"star","sr":1,"st":5.00000020365417,"op":904.000036820675,"ip":5.00000020365417,"hd":false,"ddd":0,"bm":0,"hasMask":false,"ao":0,"ks":{"a":{"a":0,"k":[540,540,0],"ix":1},"s":{"a":0,"k":[6,6,100],"ix":6},"sk":{"a":0,"k":0},"p":{"a":0,"k":[-137,-94,0],"ix":2},"r":{"a":0,"k":0,"ix":10},"sa":{"a":0,"k":0},"o":{"a":0,"k":100,"ix":11}},"ef":[],"w":1080,"h":1080,"refId":"comp_0","ind":6,"parent":1},{"ty":4,"nm":"Shape Layer 1","sr":1,"st":0,"op":899.000036617021,"ip":0,"hd":false,"ddd":0,"bm":0,"hasMask":false,"ao":0,"ks":{"a":{"a":0,"k":[0,0,0],"ix":1},"s":{"a":0,"k":[100,100,100],"ix":6},"sk":{"a":0,"k":0},"p":{"a":0,"k":[28,12,0],"ix":2},"r":{"a":0,"k":0,"ix":10},"sa":{"a":0,"k":0},"o":{"a":0,"k":100,"ix":11}},"ef":[],"shapes":[{"ty":"gr","bm":0,"hd":false,"mn":"ADBE Vector Group","nm":"Shape 1","ix":1,"cix":2,"np":2,"it":[{"ty":"tr","a":{"a":0,"k":[0,0],"ix":1},"s":{"a":0,"k":[100,100],"ix":3},"sk":{"a":0,"k":0,"ix":4},"p":{"a":0,"k":[0,0],"ix":2},"r":{"a":0,"k":0,"ix":6},"sa":{"a":0,"k":0,"ix":5},"o":{"a":0,"k":100,"ix":7}}]}],"ind":7,"parent":1},{"ty":0,"nm":"Checklist","sr":1,"st":0,"op":899.000036617021,"ip":0,"hd":false,"ddd":0,"bm":0,"hasMask":false,"ao":0,"ks":{"a":{"a":0,"k":[540,540,0],"ix":1},"s":{"a":0,"k":[100,100,100],"ix":6},"sk":{"a":0,"k":0},"p":{"a":0,"k":[28,12,0],"ix":2},"r":{"a":0,"k":0,"ix":10},"sa":{"a":0,"k":0},"o":{"a":0,"k":100,"ix":11}},"ef":[],"w":1080,"h":1080,"refId":"comp_1","ind":8,"parent":1},{"ty":4,"nm":"Layer 6 Outlines","sr":1,"st":4.00000016292334,"op":903.000036779944,"ip":4.00000016292334,"hd":false,"ddd":0,"bm":0,"hasMask":false,"ao":0,"ks":{"a":{"a":0,"k":[150.635,150.634,0],"ix":1},"s":{"a":1,"k":[{"o":{"x":0.545,"y":0},"i":{"x":0.355,"y":1},"s":[0,0,100],"t":4},{"o":{"x":0.501,"y":0},"i":{"x":0.485,"y":1},"s":[120,120,100],"t":24},{"o":{"x":0.167,"y":0.167},"i":{"x":0.833,"y":0.833},"s":[100,100,100],"t":32},{"o":{"x":0.167,"y":0},"i":{"x":0.833,"y":1},"s":[100,100,100],"t":48},{"o":{"x":0.167,"y":0},"i":{"x":0.833,"y":1},"s":[110,110,100],"t":53},{"o":{"x":0.167,"y":0.167},"i":{"x":0.833,"y":0.833},"s":[100,100,100],"t":56},{"o":{"x":0.167,"y":0},"i":{"x":0.833,"y":1},"s":[100,100,100],"t":82},{"o":{"x":0.167,"y":0},"i":{"x":0.833,"y":1},"s":[110,110,100],"t":87},{"o":{"x":0.167,"y":0.167},"i":{"x":0.833,"y":0.833},"s":[100,100,100],"t":90},{"o":{"x":0.167,"y":0},"i":{"x":0.833,"y":1},"s":[100,100,100],"t":119},{"o":{"x":0.167,"y":0},"i":{"x":0.833,"y":1},"s":[110,110,100],"t":124},{"o":{"x":0.167,"y":0.167},"i":{"x":0.833,"y":0.833},"s":[100,100,100],"t":127},{"o":{"x":0.167,"y":0},"i":{"x":0.833,"y":1},"s":[100,100,100],"t":159},{"o":{"x":0.167,"y":0},"i":{"x":0.833,"y":1},"s":[110,110,100],"t":164},{"s":[100,100,100],"t":167.000006802049}],"ix":6},"sk":{"a":0,"k":0},"p":{"a":0,"k":[53.855,53.186,0],"ix":2},"r":{"a":0,"k":0,"ix":10},"sa":{"a":0,"k":0},"o":{"a":0,"k":100,"ix":11}},"ef":[],"shapes":[{"ty":"gr","bm":0,"hd":false,"mn":"ADBE Vector Group","nm":"Group 1","ix":1,"cix":2,"np":2,"it":[{"ty":"sh","bm":0,"hd":false,"mn":"ADBE Vector Shape - Group","nm":"Path 1","ix":1,"d":1,"ks":{"a":0,"k":{"c":true,"i":[[0,-83.055],[83.055,0],[0,83.055],[-83.055,0]],"o":[[0,83.055],[-83.055,0],[0,-83.055],[83.055,0]],"v":[[150.385,0],[0,150.384],[-150.385,0],[0,-150.384]]},"ix":2}},{"ty":"fl","bm":0,"hd":false,"mn":"ADBE Vector Graphic - Fill","nm":"Fill 1","c":{"a":0,"k":[0.1922,0.4549,0.9686],"ix":4},"r":1,"o":{"a":0,"k":100,"ix":5}},{"ty":"tr","a":{"a":0,"k":[0,0],"ix":1},"s":{"a":0,"k":[100,100],"ix":3},"sk":{"a":0,"k":0,"ix":4},"p":{"a":0,"k":[150.635,150.634],"ix":2},"r":{"a":0,"k":0,"ix":6},"sa":{"a":0,"k":0,"ix":5},"o":{"a":0,"k":100,"ix":7}}]}],"ind":9,"parent":1},{"ty":4,"nm":"Layer 7 Outlines","sr":1,"st":0,"op":899.000036617021,"ip":0,"hd":false,"ddd":0,"bm":0,"hasMask":false,"ao":0,"ks":{"a":{"a":0,"k":[183.613,183.613,0],"ix":1},"s":{"a":1,"k":[{"o":{"x":0.486,"y":0},"i":{"x":0.516,"y":1},"s":[0,0,100],"t":0},{"o":{"x":0.498,"y":0},"i":{"x":0.453,"y":1},"s":[120,120,100],"t":20},{"o":{"x":0.167,"y":0.167},"i":{"x":0.833,"y":0.833},"s":[100,100,100],"t":28},{"o":{"x":0.167,"y":0},"i":{"x":0.833,"y":1},"s":[100,100,100],"t":45},{"o":{"x":0.167,"y":0},"i":{"x":0.833,"y":1},"s":[110,110,100],"t":51},{"o":{"x":0.167,"y":0.167},"i":{"x":0.833,"y":0.833},"s":[100,100,100],"t":56},{"o":{"x":0.167,"y":0},"i":{"x":0.833,"y":1},"s":[100,100,100],"t":80},{"o":{"x":0.167,"y":0},"i":{"x":0.833,"y":1},"s":[110,110,100],"t":86},{"o":{"x":0.167,"y":0.167},"i":{"x":0.833,"y":0.833},"s":[100,100,100],"t":91},{"o":{"x":0.167,"y":0},"i":{"x":0.833,"y":1},"s":[100,100,100],"t":116},{"o":{"x":0.167,"y":0},"i":{"x":0.833,"y":1},"s":[110,110,100],"t":122},{"o":{"x":0.167,"y":0.167},"i":{"x":0.833,"y":0.833},"s":[100,100,100],"t":127},{"o":{"x":0.167,"y":0},"i":{"x":0.833,"y":1},"s":[100,100,100],"t":155},{"o":{"x":0.167,"y":0},"i":{"x":0.833,"y":1},"s":[110,110,100],"t":161},{"s":[100,100,100],"t":166.000006761319}],"ix":6},"sk":{"a":0,"k":0},"p":{"a":0,"k":[53.855,53.186,0],"ix":2},"r":{"a":0,"k":0,"ix":10},"sa":{"a":0,"k":0},"o":{"a":0,"k":100,"ix":11}},"ef":[],"shapes":[{"ty":"gr","bm":0,"hd":false,"mn":"ADBE Vector Group","nm":"Group 1","ix":1,"cix":2,"np":2,"it":[{"ty":"sh","bm":0,"hd":false,"mn":"ADBE Vector Shape - Group","nm":"Path 1","ix":1,"d":1,"ks":{"a":0,"k":{"c":true,"i":[[0,-93.123],[93.122,0],[0,93.123],[-93.123,0]],"o":[[0,93.123],[-93.123,0],[0,-93.123],[93.122,0]],"v":[[168.614,0],[0,168.613],[-168.613,0],[0,-168.613]]},"ix":2}},{"ty":"st","bm":0,"hd":false,"mn":"ADBE Vector Graphic - Stroke","nm":"Stroke 1","lc":1,"lj":1,"ml":10,"o":{"a":0,"k":100,"ix":4},"w":{"a":0,"k":10,"ix":5},"c":{"a":0,"k":[0.1922,0.4549,0.9686],"ix":3}},{"ty":"tr","a":{"a":0,"k":[0,0],"ix":1},"s":{"a":0,"k":[100,100],"ix":3},"sk":{"a":0,"k":0,"ix":4},"p":{"a":0,"k":[183.613,183.613],"ix":2},"r":{"a":0,"k":0,"ix":6},"sa":{"a":0,"k":0,"ix":5},"o":{"a":0,"k":100,"ix":7}}]}],"ind":10,"parent":1},{"ty":4,"nm":"Layer 8 Outlines","sr":1,"st":0,"op":899.000036617021,"ip":0,"hd":false,"ddd":0,"bm":0,"hasMask":false,"ao":0,"ks":{"a":{"a":0,"k":[225.395,225.395,0],"ix":1},"s":{"a":1,"k":[{"o":{"x":0.333,"y":0},"i":{"x":0.667,"y":1},"s":[0,0,100],"t":0},{"o":{"x":0.333,"y":0},"i":{"x":0.667,"y":1},"s":[120,120,100],"t":18},{"s":[100,100,100],"t":26.0000010590017}],"ix":6},"sk":{"a":0,"k":0},"p":{"a":0,"k":[53.855,53.186,0],"ix":2},"r":{"a":0,"k":0,"ix":10},"sa":{"a":0,"k":0},"o":{"a":0,"k":100,"ix":11}},"ef":[],"shapes":[{"ty":"gr","bm":0,"hd":false,"mn":"ADBE Vector Group","nm":"Group 1","ix":1,"cix":2,"np":2,"it":[{"ty":"sh","bm":0,"hd":false,"mn":"ADBE Vector Shape - Group","nm":"Path 1","ix":1,"d":1,"ks":{"a":0,"k":{"c":true,"i":[[0,-124.344],[124.344,0],[0,124.344],[-124.344,0]],"o":[[0,124.344],[-124.344,0],[0,-124.344],[124.344,0]],"v":[[225.145,0],[0,225.145],[-225.145,0],[0,-225.145]]},"ix":2}},{"ty":"fl","bm":0,"hd":false,"mn":"ADBE Vector Graphic - Fill","nm":"Fill 1","c":{"a":0,"k":[0.9608,0.9647,0.9725],"ix":4},"r":1,"o":{"a":0,"k":100,"ix":5}},{"ty":"tr","a":{"a":0,"k":[0,0],"ix":1},"s":{"a":0,"k":[100,100],"ix":3},"sk":{"a":0,"k":0,"ix":4},"p":{"a":0,"k":[225.395,225.395],"ix":2},"r":{"a":0,"k":0,"ix":6},"sa":{"a":0,"k":0,"ix":5},"o":{"a":0,"k":100,"ix":7}}]}],"ind":11,"parent":1}],"v":"5.7.13","fr":29.9700012207031,"op":180.00000733155,"ip":0,"assets":[{"nm":"star","id":"comp_0","layers":[{"ty":4,"nm":"Layer 1 Outlines","sr":1,"st":0,"op":899.000036617021,"ip":0,"hd":false,"ddd":0,"bm":0,"hasMask":false,"ao":0,"ks":{"a":{"a":0,"k":[209.839,206.711,0],"ix":1},"s":{"a":1,"k":[{"o":{"x":0.542,"y":0},"i":{"x":0.429,"y":1},"s":[0,0,100],"t":0},{"o":{"x":0.686,"y":0},"i":{"x":0.379,"y":1},"s":[120,120,100],"t":15},{"o":{"x":0.167,"y":0},"i":{"x":0.429,"y":1},"s":[100,100,100],"t":22},{"o":{"x":0.686,"y":0},"i":{"x":0.379,"y":1},"s":[120,120,100],"t":40},{"o":{"x":0.167,"y":0},"i":{"x":0.429,"y":1},"s":[100,100,100],"t":47},{"o":{"x":0.686,"y":0},"i":{"x":0.379,"y":1},"s":[120,120,100],"t":65},{"o":{"x":0.167,"y":0},"i":{"x":0.429,"y":1},"s":[100,100,100],"t":72},{"o":{"x":0.686,"y":0},"i":{"x":0.379,"y":1},"s":[120,120,100],"t":89},{"o":{"x":0.167,"y":0},"i":{"x":0.429,"y":1},"s":[100,100,100],"t":96},{"o":{"x":0.686,"y":0},"i":{"x":0.379,"y":1},"s":[120,120,100],"t":121},{"o":{"x":0.167,"y":0},"i":{"x":0.429,"y":1},"s":[100,100,100],"t":128},{"o":{"x":0.686,"y":0},"i":{"x":0.379,"y":1},"s":[120,120,100],"t":150},{"s":[100,100,100],"t":157.000006394741}],"ix":6},"sk":{"a":0,"k":0},"p":{"a":0,"k":[528.604,536.181,0],"ix":2},"r":{"a":1,"k":[{"o":{"x":0.333,"y":0},"i":{"x":0.667,"y":1},"s":[0],"t":15},{"o":{"x":0.167,"y":0},"i":{"x":0.833,"y":1},"s":[180],"t":40},{"o":{"x":0.167,"y":0},"i":{"x":0.833,"y":1},"s":[290],"t":65},{"o":{"x":0.167,"y":0},"i":{"x":0.833,"y":1},"s":[447],"t":89},{"o":{"x":0.167,"y":0},"i":{"x":0.833,"y":1},"s":[633],"t":121},{"s":[807],"t":150.000006109625}],"ix":10},"sa":{"a":0,"k":0},"o":{"a":0,"k":100,"ix":11}},"ef":[],"shapes":[{"ty":"gr","bm":0,"hd":false,"mn":"ADBE Vector Group","nm":"Group 1","ix":1,"cix":2,"np":2,"it":[{"ty":"sh","bm":0,"hd":false,"mn":"ADBE Vector Shape - Group","nm":"Path 1","ix":1,"d":1,"ks":{"a":0,"k":{"c":true,"i":[[-35.471,-52.582],[5.681,4.41],[40.497,0],[52.405,-40.631],[-4.086,5.955],[0,39.87],[34.978,50.403],[-5.814,-3.813],[-41.832,0],[-50.353,33.044],[3.9,-5.719],[0,-42.098]],"o":[[4.021,5.961],[-52.166,-40.498],[-40.255,0],[-5.707,4.425],[36.209,-52.756],[0,-41.971],[-3.964,-5.712],[50.592,33.171],[42.007,0],[5.787,-3.798],[-34.243,50.226],[0,40.066]],"v":[[200.311,193.479],[191.17,201.993],[-0.303,89.187],[-190.836,201.264],[-199.933,192.703],[-101.552,3.688],[-205.428,-193.291],[-196.778,-202.191],[-0.303,-104.312],[196.803,-202.605],[205.492,-193.744],[103.196,3.688]]},"ix":2}},{"ty":"fl","bm":0,"hd":false,"mn":"ADBE Vector Graphic - Fill","nm":"Fill 1","c":{"a":0,"k":[0.1922,0.4549,0.9686],"ix":4},"r":1,"o":{"a":0,"k":100,"ix":5}},{"ty":"tr","a":{"a":0,"k":[0,0],"ix":1},"s":{"a":0,"k":[100,100],"ix":3},"sk":{"a":0,"k":0,"ix":4},"p":{"a":0,"k":[209.642,206.653],"ix":2},"r":{"a":0,"k":0,"ix":6},"sa":{"a":0,"k":0,"ix":5},"o":{"a":0,"k":100,"ix":7}}]}],"ind":1}]},{"nm":"Checklist","id":"comp_1","layers":[{"ty":4,"nm":"Chceklist 2 Outlines 2","sr":1,"st":0,"op":899.000036617021,"ip":0,"hd":false,"ddd":0,"bm":0,"hasMask":false,"td":1,"ao":0,"ks":{"a":{"a":0,"k":[15.655,42.866,0],"ix":1},"s":{"a":1,"k":[{"o":{"x":0.479,"y":0},"i":{"x":0.596,"y":1},"s":[0,0,100],"t":0},{"s":[100,100,100],"t":25.0000010182709}],"ix":6},"sk":{"a":0,"k":0},"p":{"a":0,"k":[501.891,568.318,0],"ix":2},"r":{"a":1,"k":[{"o":{"x":0.239,"y":0},"i":{"x":0.755,"y":1},"s":[20.19],"t":0},{"s":[0],"t":25.0000010182709}],"ix":10},"sa":{"a":0,"k":0},"o":{"a":0,"k":100,"ix":11}},"ef":[],"shapes":[{"ty":"gr","bm":0,"hd":false,"mn":"ADBE Vector Group","nm":"Group 1","ix":1,"cix":2,"np":2,"it":[{"ty":"sh","bm":0,"hd":false,"mn":"ADBE Vector Shape - Group","nm":"Path 1","ix":1,"d":1,"ks":{"a":0,"k":{"c":true,"i":[[3.77,0],[3.075,3.256],[0,0],[-6.281,5.933],[-5.933,-6.282],[0,0],[0,0],[-5.827,-6.38],[6.38,-5.827],[0,0]],"o":[[-4.158,0],[0,0],[-5.933,-6.283],[6.282,-5.931],[0,0],[0,0],[6.382,-5.828],[5.827,6.38],[0,0],[-2.998,2.738]],"v":[[-21.408,54.616],[-32.786,49.713],[-73.472,6.633],[-72.841,-15.485],[-50.723,-14.853],[-20.601,17.041],[51.473,-48.788],[73.578,-47.787],[72.577,-25.683],[-10.86,50.523]]},"ix":2}},{"ty":"fl","bm":0,"hd":false,"mn":"ADBE Vector Graphic - Fill","nm":"Fill 1","c":{"a":0,"k":[1,1,1],"ix":4},"r":1,"o":{"a":0,"k":100,"ix":5}},{"ty":"tr","a":{"a":0,"k":[0,0],"ix":1},"s":{"a":0,"k":[100,100],"ix":3},"sk":{"a":0,"k":0,"ix":4},"p":{"a":0,"k":[79.655,54.866],"ix":2},"r":{"a":0,"k":0,"ix":6},"sa":{"a":0,"k":0,"ix":5},"o":{"a":0,"k":100,"ix":7}}]}],"ind":1},{"ty":4,"nm":"Shape Layer 2","sr":1,"st":0,"op":899.000036617021,"ip":0,"hd":false,"ddd":0,"bm":0,"tt":1,"hasMask":false,"ao":0,"ks":{"a":{"a":0,"k":[-79.5,16.5,0],"ix":1},"s":{"a":0,"k":[226.19,100,100],"ix":6},"sk":{"a":0,"k":0},"p":{"a":1,"k":[{"o":{"x":0.333,"y":0},"i":{"x":0.667,"y":1},"s":[389.254,538.92,0],"t":21,"ti":[-72,0,0],"to":[14.667,8,0]},{"o":{"x":0.333,"y":0},"i":{"x":0.667,"y":1},"s":[477.254,586.92,0],"t":37,"ti":[-57.333,8,0],"to":[72,0,0]},{"o":{"x":0.167,"y":0.167},"i":{"x":0.833,"y":0.833},"s":[821.254,538.92,0],"t":46,"ti":[0,0,0],"to":[0,0,0]},{"o":{"x":0.167,"y":0},"i":{"x":0.667,"y":1},"s":[821.254,538.92,0],"t":65,"ti":[57.333,-8,0],"to":[-72,0,0]},{"o":{"x":0.333,"y":0},"i":{"x":0.667,"y":1},"s":[389.254,538.92,0],"t":78,"ti":[-72,0,0],"to":[-57.333,8,0]},{"o":{"x":0.333,"y":0},"i":{"x":0.667,"y":1},"s":[477.254,586.92,0],"t":94,"ti":[-57.333,8,0],"to":[72,0,0]},{"o":{"x":0.167,"y":0.167},"i":{"x":0.833,"y":0.833},"s":[821.254,538.92,0],"t":103,"ti":[0,0,0],"to":[0,0,0]},{"o":{"x":0.167,"y":0},"i":{"x":0.667,"y":1},"s":[821.254,538.92,0],"t":118,"ti":[57.333,-8,0],"to":[-72,0,0]},{"o":{"x":0.333,"y":0},"i":{"x":0.667,"y":1},"s":[389.254,538.92,0],"t":131,"ti":[-72,0,0],"to":[-57.333,8,0]},{"o":{"x":0.333,"y":0},"i":{"x":0.667,"y":1},"s":[477.254,586.92,0],"t":147,"ti":[-57.333,8,0],"to":[72,0,0]},{"s":[821.254,538.92,0],"t":156.00000635401}],"ix":2},"r":{"a":0,"k":13.712,"ix":10},"sa":{"a":0,"k":0},"o":{"a":0,"k":74,"ix":11}},"ef":[],"shapes":[{"ty":"gr","bm":0,"hd":false,"mn":"ADBE Vector Group","nm":"Rectangle 1","ix":1,"cix":2,"np":3,"it":[{"ty":"rc","bm":0,"hd":false,"mn":"ADBE Vector Shape - Rect","nm":"Rectangle Path 1","d":1,"p":{"a":0,"k":[0,0],"ix":3},"r":{"a":0,"k":0,"ix":4},"s":{"a":0,"k":[88.5,138.5],"ix":2}},{"ty":"fl","bm":0,"hd":false,"mn":"ADBE Vector Graphic - Fill","nm":"Fill 1","c":{"a":0,"k":[0.9608,0.9765,1],"ix":4},"r":1,"o":{"a":0,"k":100,"ix":5}},{"ty":"tr","a":{"a":0,"k":[0,0],"ix":1},"s":{"a":0,"k":[100,100],"ix":3},"sk":{"a":0,"k":0,"ix":4},"p":{"a":0,"k":[-81.75,17.25],"ix":2},"r":{"a":0,"k":0,"ix":6},"sa":{"a":0,"k":0,"ix":5},"o":{"a":0,"k":100,"ix":7}}]}],"ind":2},{"ty":4,"nm":"Chceklist 2 Outlines","sr":1,"st":0,"op":899.000036617021,"ip":0,"hd":false,"ddd":0,"bm":0,"hasMask":false,"td":1,"ao":0,"ks":{"a":{"a":0,"k":[15.655,42.866,0],"ix":1},"s":{"a":1,"k":[{"o":{"x":0.479,"y":0},"i":{"x":0.596,"y":1},"s":[0,0,100],"t":0},{"s":[100,100,100],"t":25.0000010182709}],"ix":6},"sk":{"a":0,"k":0},"p":{"a":0,"k":[501.891,568.318,0],"ix":2},"r":{"a":1,"k":[{"o":{"x":0.239,"y":0},"i":{"x":0.755,"y":1},"s":[20.19],"t":0},{"s":[0],"t":25.0000010182709}],"ix":10},"sa":{"a":0,"k":0},"o":{"a":0,"k":100,"ix":11}},"ef":[],"shapes":[{"ty":"gr","bm":0,"hd":false,"mn":"ADBE Vector Group","nm":"Group 1","ix":1,"cix":2,"np":2,"it":[{"ty":"sh","bm":0,"hd":false,"mn":"ADBE Vector Shape - Group","nm":"Path 1","ix":1,"d":1,"ks":{"a":0,"k":{"c":true,"i":[[3.77,0],[3.075,3.256],[0,0],[-6.281,5.933],[-5.933,-6.282],[0,0],[0,0],[-5.827,-6.38],[6.38,-5.827],[0,0]],"o":[[-4.158,0],[0,0],[-5.933,-6.283],[6.282,-5.931],[0,0],[0,0],[6.382,-5.828],[5.827,6.38],[0,0],[-2.998,2.738]],"v":[[-21.408,54.616],[-32.786,49.713],[-73.472,6.633],[-72.841,-15.485],[-50.723,-14.853],[-20.601,17.041],[51.473,-48.788],[73.578,-47.787],[72.577,-25.683],[-10.86,50.523]]},"ix":2}},{"ty":"fl","bm":0,"hd":false,"mn":"ADBE Vector Graphic - Fill","nm":"Fill 1","c":{"a":0,"k":[1,1,1],"ix":4},"r":1,"o":{"a":0,"k":100,"ix":5}},{"ty":"tr","a":{"a":0,"k":[0,0],"ix":1},"s":{"a":0,"k":[100,100],"ix":3},"sk":{"a":0,"k":0,"ix":4},"p":{"a":0,"k":[79.655,54.866],"ix":2},"r":{"a":0,"k":0,"ix":6},"sa":{"a":0,"k":0,"ix":5},"o":{"a":0,"k":100,"ix":7}}]}],"ind":3},{"ty":4,"nm":"Shape Layer 1","sr":1,"st":0,"op":899.000036617021,"ip":0,"hd":false,"ddd":0,"bm":0,"tt":1,"hasMask":false,"ao":0,"ks":{"a":{"a":0,"k":[-79.5,16.5,0],"ix":1},"s":{"a":0,"k":[226.19,100,100],"ix":6},"sk":{"a":0,"k":0},"p":{"a":1,"k":[{"o":{"x":0.333,"y":0},"i":{"x":0.667,"y":1},"s":[385.5,543,0],"t":6,"ti":[-18.833,5.917,0],"to":[10.75,12.5,0]},{"s":[563,582.5,0],"t":26.0000010590017}],"ix":2},"r":{"a":1,"k":[{"o":{"x":0.333,"y":0},"i":{"x":0.667,"y":1},"s":[22.843],"t":6},{"s":[1.37],"t":26.0000010590017}],"ix":10},"sa":{"a":0,"k":0},"o":{"a":0,"k":100,"ix":11}},"ef":[],"shapes":[{"ty":"gr","bm":0,"hd":false,"mn":"ADBE Vector Group","nm":"Rectangle 1","ix":1,"cix":2,"np":3,"it":[{"ty":"rc","bm":0,"hd":false,"mn":"ADBE Vector Shape - Rect","nm":"Rectangle Path 1","d":1,"p":{"a":0,"k":[0,0],"ix":3},"r":{"a":0,"k":0,"ix":4},"s":{"a":0,"k":[88.5,138.5],"ix":2}},{"ty":"fl","bm":0,"hd":false,"mn":"ADBE Vector Graphic - Fill","nm":"Fill 1","c":{"a":0,"k":[1,1,1],"ix":4},"r":1,"o":{"a":0,"k":100,"ix":5}},{"ty":"tr","a":{"a":0,"k":[0,0],"ix":1},"s":{"a":0,"k":[100,100],"ix":3},"sk":{"a":0,"k":0,"ix":4},"p":{"a":0,"k":[-81.75,17.25],"ix":2},"r":{"a":0,"k":0,"ix":6},"sa":{"a":0,"k":0,"ix":5},"o":{"a":0,"k":100,"ix":7}}]}],"ind":4}]}]}